Harry Potter,Scarlett O’Hara,Samwise Gamgee,Elizabeth Bennet
Harry Potter,Elizabeth Bennet,Samwise Gamgee,Scarlett O’Hara
Scarlett O’Hara,Samwise Gamgee,Harry Potter,Elizabeth Bennet
Elizabeth Bennet,Harry Potter,Scarlett O’Hara,Samwise Gamgee
Samwise Gamgee,Harry Potter,Scarlett O’Hara,Elizabeth Bennet
Samwise Gamgee,Elizabeth Bennet,Harry Potter,Scarlett O’Hara
Scarlett O’Hara,Samwise Gamgee,Elizabeth Bennet,Harry Potter
Elizabeth Bennet,Harry Potter,Scarlett O’Hara,Samwise Gamgee
Samwise Gamgee,Elizabeth Bennet,Harry Potter,Scarlett O’Hara
Scarlett O’Hara,Harry Potter,Elizabeth Bennet,Samwise Gamgee
